{"model":{"version":3,"nodes":[{"name":"RootNode","position":[0,0,0],"rotation":[0,0,0],"scale":[0.01,0.01,0.01],"scaleCompensation":false},{"name":"Mace","position":[0,0,0],"rotation":[9.33467e-06,-0,0],"scale":[100,100,100],"scaleCompensation":false}],"parents":[-1,0],"skins":[],"morphs":[],"vertices":[{"position":{"type":"float32","components":3,"data":[1.69021,4.70874,0.755031,1.57951,4.49833,1.00821,1.74465,3.05157,0.402877,1.79827,4.39272,-0.4664,1.48351,4.77074,-0.826468,-0.582681,4.71812,0.937116,1.16452,3.024,1.00683,-1.04941,2.93143,0.725131,-1.04409,3.22007,0.972847,-1.61966,3.01764,0.621117,-1.40475,2.84363,-0.290605,-1.66647,3.17139,-0.600929,-1.18846,2.96747,-0.958466,-1.66834,4.25787,0.729209,-1.628,4.75898,-0.526972,-1.53282,4.72975,0.324476,-0.582681,4.71812,0.937116,1.48351,4.77074,-0.826468,1.69021,4.70874,0.755031,-0.163034,5.08041,-0.340534,-0.423626,4.29641,-0.1274,-0.369273,5.03605,0.0617171,-0.163034,5.08041,-0.340534,-0.369273,5.03605,0.0617171,-0.156578,5.09546,0.346623,0.252023,5.06934,-0.314498,0.15899,5.07927,0.338286,0.453,5.07248,0.099446,-0.306907,-1.55762,0.248292,-0.210529,-1.79042,0.0723402,-0.0666411,-1.78765,0.266103,0.098395,0.428777,-0.319972,-0.188247,-1.54422,-0.289325,-0.246394,0.113435,-0.144232,0.102674,0.174372,0.33622,0.288346,-1.5522,0.349424,0.363506,-0.00155072,0.0137542,-0.100603,3.00248,-0.542348,-0.497188,3.00413,-0.0193381,-0.184708,0.23222,0.258208,-0.154865,3.00489,0.509858,0.334181,-1.58436,-0.260599,0.0234678,-1.67914,0.331214,-0.00623733,-1.95415,0.308787,0.438176,-1.59221,0.385168,0.320989,-1.9496,0.135066,0.370705,-1.6952,0.0648158,0.396337,-1.27128,0.297336,0.199308,-1.67887,-0.000338272,0.255802,-1.29786,0.343708,0.255802,-1.29786,0.343708,0.199308,-1.67887,-0.000338272,-0.00623733,-1.95415,0.308787,0.0234678,-1.67914,0.331214,-0.362626,-1.59351,0.380901,-0.332515,-1.28014,0.265762,-0.151075,-1.65536,0.0379788,-0.284728,-1.75451,-0.0133513,-0.151075,-1.65536,0.0379788,-0.182874,-1.2966,0.337125,0.0904905,-1.95523,-0.260268,0.0603475,-1.68037,-0.283819,0.446283,-1.59427,-0.333852,0.415639,-1.28048,-0.220011,0.199308,-1.67887,-0.000338272,0.370705,-1.6952,0.0648158,0.199308,-1.67887,-0.000338272,0.266016,-1.29751,-0.291303,0.0603475,-1.68037,-0.283819,0.0904905,-1.95523,-0.260268,-0.354533,-1.59434,-0.338129,-0.229718,-1.9597,-0.0834855,-0.284728,-1.75451,-0.0133513,-0.313234,-1.27301,-0.251607,-0.151075,-1.65536,0.0379788,-0.172656,-1.29954,-0.297868,-0.172656,-1.29954,-0.297868,-0.151075,-1.65536,0.0379788,0.268308,-4.04762,-0.140535,0.270602,-4.93798,-0.133861,-0.260183,-4.9383,-0.0691858,0.159191,-4.04963,0.275106,0.18656,-4.9372,0.285584,0.268308,-4.04762,-0.140535,0.270602,-4.93798,-0.133861,0.272632,-1.76284,0.186696,0.248583,-2.78892,-0.101864,0.17829,-1.76377,-0.230473,0.17829,-1.76377,-0.230473,-0.0548004,-2.78247,-0.19986,-0.265996,-1.76345,0.113382,-0.0289032,-2.78712,0.253334,0.18775,-3.91454,-0.211914,0.248583,-2.78892,-0.101864,-0.159357,-3.97671,-0.107031,-0.201943,-2.79749,0.0113584,-0.165718,-3.98992,0.15367,0.23638,-3.91587,0.226793,0.2128,-2.79212,0.19581,0.18775,-3.91454,-0.211914,-0.345697,-5.39755,0.233741,0.160216,-4.82766,0.42031,-0.357953,-4.86578,-0.00902273,-0.130704,-5.46401,-0.34006,0.0568491,-4.91815,-0.405766,0.308037,-5.48238,-0.233438,0.308037,-5.48238,-0.233438,0.0568491,-4.91815,-0.405766,0.420259,-4.85394,-0.0611604,-0.357953,-4.86578,-0.00902273,0.160216,-4.82766,0.42031,0.420259,-4.85394,-0.0611604,-0.130704,-5.46401,-0.34006,0.308037,-5.48238,-0.233438,-0.345697,-5.39755,0.233741,0.278413,-5.46899,0.384688,1.63316,2.92166,-0.598886,-1.18846,2.96747,-0.958466,-1.31187,4.68482,-0.931411,1.37932,2.98747,-0.903143,1.74465,3.05157,0.402877,1.16452,3.024,1.00683,1.63316,2.92166,-0.598886,-1.40475,2.84363,-0.290605,1.37932,2.98747,-0.903143,-1.18846,2.96747,-0.958466,-1.04941,2.93143,0.725131,-1.628,4.75898,-0.526972,-1.61966,3.01764,0.621117,-1.31187,4.68482,-0.931411,-1.53282,4.72975,0.324476,-0.0736341,4.29792,0.459928,-0.156578,5.09546,0.346623,-1.31187,4.68482,-0.931411,0.453,5.07248,0.099446,0.41652,4.29775,0.245378,0.312477,4.30168,-0.364933,0.252023,5.06934,-0.314498,0.15899,5.07927,0.338286,-0.0736341,4.29792,0.459928,0.15899,5.07927,0.338286,0.188918,-1.78889,-0.196154,-0.106774,-1.78855,-0.19256,0.334181,-1.58436,-0.260599,0.256943,-1.77198,0.144723,0.188918,-1.78889,-0.196154,0.560268,3.00527,-0.0653725,0.325474,3.00489,0.461781,0.098395,0.428777,-0.319972,0.560268,3.00527,-0.0653725,0.320989,-1.9496,0.135066,-0.00623733,-1.95415,0.308787,-0.229718,-1.9597,-0.0834855,-0.229718,-1.9597,-0.0834855,-0.182874,-1.2966,0.337125,0.0234678,-1.67914,0.331214,0.320989,-1.9496,0.135066,0.266016,-1.29751,-0.291303,0.0904905,-1.95523,-0.260268,0.0603475,-1.68037,-0.283819,0.278413,-5.46899,0.384688,0.0568491,-4.91815,-0.405766]},"normal":{"type":"float32","components":3,